thai,meaning,ipa,source,source_id,query
ณ,"at, in, of (place or time).; element in surnames, indicating relationship to royalty or to former local princes who served as governors of provinces.",ná,SEAlang Thai / TDP,TDP:6410,ณ.*
ณ ต่างประเทศ,abroad.,ná tàaŋ pra-tʰêet,SEAlang Thai / TDP,TDP:6413,ณ.*
ณ บัดนี้,"at this moment, at present, now.; right away.",ná bàt níi,SEAlang Thai / TDP,TDP:6414,ณ.*
ณ สงขลา,"Na-Songkhla, surname of persons descended from the local prince who served as governor of Songkhla in earlier times. Based on สงขลา, a township in S Thailand.",ná sǒŋ-kʰlǎa,SEAlang Thai / TDP,TDP:6412,ณ.*
ณ อยุธยา,"Na-Ayuthaya (Na-Ayuthia), an addition to the surname of persons who, though without royal titles, are related to the Chakri line. Based on อยุธยา, a township in Central Thailand and former capital of the country.",ná a-yút-tʰa-yaa,SEAlang Thai / TDP,TDP:6411,ณ.*
ณ,"low consonant, pronounced n initially and finally.",nɔɔ,SEAlang Thai / TDP,TDP:6409,ณ.*
ณรงค์,campaign; fight; absentee voting; current tax payment; pay as you earn; point-of-sale (POS) (พีโอเอส); in situ; place of residence at a fixed past date; absentee ballot; withholding tax; arrived admaged value; gross arrived damaged value; arrived sound value; point-of-sale system; instantaneous rate; instantaneous death rate; instantaneous rate of growth,ná roŋ,SEAlang Thai / LEX2.0,LEX2.0:23480,ณ.*
การลงคะแนนเลือกตั้งของผู้ไม่สามารถไป ณ ที่เลือกตั้ง,absentee voting,,SEAlang Thai / RI,RI:5595,ณ.*
การหักภาษี ณ ที่จ่าย,current tax payment,,SEAlang Thai / RI,RI:6519,ณ.*
ชำระภาษีเงินได้ ณ ที่จ่าย,pay as you earn,,SEAlang Thai / RI,RI:13118,ณ.*
ณ จุดขาย,point-of-sale (POS) (พีโอเอส),,SEAlang Thai / RI,RI:13930,ณ.*
ณ จุดเริ่ม,in situ,,SEAlang Thai / RI,RI:13931,ณ.*
ณ ที่เดิม,in situ,,SEAlang Thai / RI,RI:13932,ณ.*
ถิ่นที่อยู่ ณ วันที่กำหนดในอดีต,place of residence at a fixed past date,,SEAlang Thai / RI,RI:15368,ณ.*
บัตรเลือกตั้งของผู้ไม่สามารถไป ณ ที่เลือกตั้ง,absentee ballot,,SEAlang Thai / RI,RI:17390,ณ.*
ภาษีหัก ณ ที่จ่าย,withholding tax,,SEAlang Thai / RI,RI:21542,ณ.*
มูลค่า ณ ปลายทางหลังเสียหาย,arrived admaged value,,SEAlang Thai / RI,RI:22290,ณ.*
มูลค่ารวม ณ ปลายทางหลังเสียหาย,gross arrived damaged value,,SEAlang Thai / RI,RI:22304,ณ.*
มูลค่าไม่เสียหาย ณ ปลายทาง,arrived sound value,,SEAlang Thai / RI,RI:22315,ณ.*
ระบบ ณ จุดขาย,point-of-sale system,,SEAlang Thai / RI,RI:23150,ณ.*
อัตรา ณ ขณะหนึ่ง,instantaneous rate,,SEAlang Thai / RI,RI:29768,ณ.*
อัตราตาย ณ ขณะอายุหนึ่ง,instantaneous death rate,,SEAlang Thai / RI,RI:29821,ณ.*
อัตราเติบโต ณ ขณะหนึ่ง,instantaneous rate of growth,,SEAlang Thai / RI,RI:30008,ณ.*
อัตราเพิ่ม ณ ขณะหนึ่ง,instantaneous rate of growth,,SEAlang Thai / RI,RI:30021,ณ.*
